,Accx,Accy,Accz,Gyrx,Gyry,Gyrz,Entr
1,-5.535864267,-2.963817556,5.162445948,0.00582,0.02211,-0.02094,3
2,-4.964445316,-1.443028372,6.952056149,0.0128,-0.00116,-0.00931,3
3,-4.611234379,-0.417225669,7.638847864,0.10239,-0.00465,-0.00233,3
4,-4.4234152,0.233730471,7.574763603,0.21176,-0.01047,-0.00349,3
5,-4.356499462,0.6092881,7.039628592,0.37116,-0.02094,0.00814,3
6,-4.373583012,0.790388005,6.251051591,0.65622,-0.03723,0.01745,3
7,-4.44452609,0.841977493,5.373092164,0.87962,-0.05469,0.02909,3
8,-4.545237414,0.814962576,4.524715477,1.01924,-0.05469,0.02909,3
9,-4.656996164,0.748183851,3.786903589,0.81446,-0.15358,-0.06981,3
10,-4.765776145,0.670180924,3.209556325,-0.1245,-0.03258,-0.06632,3
11,-4.861660687,0.600793871,2.817295627,-0.24318,-0.02211,-0.1338,3
12,-4.938226344,0.552661458,2.615021794,0.05469,0.0605,-0.10355,3
13,-4.992023235,0.532537611,2.592529465,0.04538,0.01862,0.03025,3
14,-5.022058645,0.542499776,2.728725623,-0.0477,-0.0477,-0.02211,3
15,-5.02932014,0.58102292,2.995232798,-0.00931,-0.00465,-0.0128,3
16,-5.016341716,0.643930965,3.35948749,0.00349,0.00349,-0.00814,3
17,-4.986798601,0.72523339,3.787343814,0.00233,-0.00116,-0.00465,3
18,-4.945140541,0.817848418,4.245209322,0.00931,0.00233,-0.00814,3
19,-4.896256107,0.914229245,4.701792446,-0.00465,0.00116,-0.01047,3
20,-4.845176266,1.006880146,5.129398467,0.00116,-0.00116,-0.00814,3
21,-4.796807162,1.088790512,5.504916536,-0.00349,0,-0.01047,3
22,-4.755700929,1.153773326,5.81043511,0.00116,-0.00116,-0.00582,3
23,-4.725857205,1.196727635,6.03358277,0.00233,0.00116,-0.00814,3
24,-4.710560217,1.213821614,6.167583311,-0.00233,0,-0.00931,3
25,-4.71224825,1.202607104,6.211080035,0.00349,-0.00116,-0.00814,3
26,-4.732416333,1.162069571,6.167751833,0.00349,0,-0.00814,3
27,-4.771551898,1.09261918,6.045753798,0,0,-0.00814,3
28,-4.829102863,0.996029453,5.857013989,0,0,-0.00814,3
29,-5.135962467,0.798889081,5.515514203,0.00465,0.00233,-0.00931,3
30,-5.364634278,0.695962924,5.40903691,-0.00116,0,-0.00931,3
31,-5.59956099,0.554993128,5.146382864,0.00116,0.00233,-0.00931,3
32,-5.463879288,0.45219465,4.784839807,0.00698,0.00465,-0.00931,3
33,-5.532049596,0.236734451,4.914084891,0.00698,0.00465,-0.00698,3
34,-5.570657663,0.11710044,4.723293633,-0.00116,0,-0.01047,3
35,-5.478933826,0.080434411,4.118843893,-0.00465,-0.00582,-0.01047,3
36,-5.445643301,-0.210753895,4.308008558,0.00233,0,-0.00931,3
37,-5.380456642,-0.415669066,4.271504422,-0.00349,-0.00465,-0.01047,3
38,-5.124433786,-0.361838813,4.167475949,-0.00233,-0.00233,-0.01047,3
39,-4.951769126,-0.333180251,4.210467494,0.00465,0.00116,-0.00814,3
40,-4.871339737,-0.321524648,4.212857994,0.00349,0.00116,-0.01164,3
41,-4.764619251,-0.247764134,4.15846589,0.00349,0.00465,-0.00698,3
42,-4.878136839,-0.313772071,4.079842256,0.00698,0.00116,-0.01047,3
43,-4.966378577,-0.327831126,4.137719648,-0.00233,-0.00116,-0.00814,3
44,-4.936427544,-0.258912188,4.23622551,0.00465,0,-0.00814,3
45,-4.932804738,-0.176625694,4.713339346,-0.00116,0.00349,-0.00814,3
46,-4.826497071,-0.32754646,4.671088853,0.00116,-0.00116,-0.01047,3
47,-4.847269187,-0.451029866,4.658161339,-0.00233,0,-0.00814,3
48,-4.627714061,-0.646137285,5.248102825,0.00349,0.00349,-0.00465,3
49,-4.628968526,-0.473789747,5.309317135,0,0,-0.00698,3
50,-4.704231762,-0.647513456,5.411372335,0,-0.00116,-0.01164,3
51,-4.447799758,-0.518688574,5.247998462,0.0477,0.03491,-0.00233,3
52,-4.513601063,-0.521668776,5.197942779,0.09192,0.07679,0.00814,3
53,-4.424841048,-0.355644169,5.198667907,0.1245,0.0989,0.00582,3
54,-4.481102824,-0.187118421,5.069173428,-0.04305,-0.03607,-0.01164,3
55,-4.206942465,0.06687325,4.991450349,-0.01047,-0.01047,-0.00931,3
56,-4.22484833,0.268738862,4.808702341,-0.02211,-0.01862,-0.01513,3
57,-4.260293721,0.747957829,4.643619102,-0.0861,-0.07097,-0.02676,3
58,-4.20112339,1.027537465,4.429459851,-0.03723,-0.00582,-0.00116,3
59,-4.087374753,1.214588054,4.263979624,0.0477,-0.00233,-0.00116,3
60,-4.216855323,1.241659698,4.21573632,-0.02211,0.00233,-0.01047,3
61,-4.503665532,1.276614875,3.935730577,0.00233,-0.00116,-0.00814,3
62,-4.525708686,1.422534753,4.0708666,-0.00116,0,-0.00582,3
63,-4.364933672,1.492970747,4.149856667,0.00116,-0.00116,-0.00698,3
64,-4.283942476,1.295858583,4.296017464,0.00116,0.00116,-0.00698,3
65,-4.429228755,1.036711164,4.173701815,0.00465,0.00233,-0.00465,3
66,-4.528887776,0.7445004,4.344934164,0.00116,0.00233,-0.00931,3
67,-4.271453588,0.740786276,4.805163682,0.00233,0,-0.00931,3
68,-4.072065717,0.837671917,4.818253376,0.00116,-0.00233,-0.00931,3
69,-3.947391251,0.582543773,5.302463018,0.00116,0.00233,-0.00814,3
70,-3.891454699,0.226289146,5.335205978,0.00349,-0.00233,-0.00931,3
71,-3.881511177,-0.051839913,5.343005162,0.00465,0.00233,-0.00582,3
72,-4.013286265,-0.170374792,5.58929975,0,-0.00116,-0.00931,3
73,-4.148885472,-0.219356588,5.810214943,0.00233,0,-0.00465,3
74,-3.976864083,-0.374251518,6.020405321,0.00465,0.00233,-0.00698,3
75,-3.982794206,-0.370600931,6.341796699,-0.00233,0,-0.00698,3
76,-3.976130197,-0.279876728,6.311184079,0.00116,0.00233,-0.00931,3
77,-4.133442243,-0.395274339,6.340736457,0.00233,0.00116,-0.00698,3
78,-4.104159026,-0.383626875,6.264003369,0,-0.00116,-0.00582,3
79,-4.198321656,-0.302432941,6.257968677,0.00465,0.00116,-0.00814,3
80,-4.387848808,-0.091200327,6.301713967,0.00582,0.00116,-0.01047,3
81,-4.309989824,0.20157594,5.624851911,-0.00233,0.00116,-0.00814,3
82,-4.241984362,0.382648481,5.312825042,-0.00116,-0.00233,-0.01047,3
83,-4.378392659,0.306614261,5.118498091,-0.00698,-0.00233,-0.01164,3
84,-4.760394335,0.516949374,4.78407073,0.00233,0.00116,-0.00814,3
85,-4.834796971,0.559450029,4.5284121,-0.00233,0,-0.00582,3
86,-4.548302724,0.629906303,4.475180224,0.00233,-0.00116,-0.0128,3
87,-4.704597201,0.794572344,4.266947778,0.00233,-0.00116,-0.00698,3
88,-4.62881006,1.06292848,3.767334327,0.00465,0.00349,-0.00814,3
89,-4.469286882,1.244019737,3.378612638,0.00349,0,-0.00814,3
90,-4.51607255,1.130359806,3.308330566,0,-0.00233,-0.00698,3
91,-4.312584415,1.060310591,3.115097932,0.00465,0.00233,-0.01047,3
92,-4.226317521,1.140437408,3.14166208,-0.00349,-0.00465,-0.00582,3
93,-4.039837123,0.782302573,3.377534952,-0.04189,0.00465,-0.01047,3
94,-3.912290768,0.374056235,3.371731936,-0.1466,0.00814,-0.01164,3
95,-3.685519775,0.130369806,3.692573911,-0.22689,0.00814,-0.01513,3
96,-3.785993782,-0.056334354,3.783817015,-0.28623,0.01396,-0.01978,3
97,-3.868576167,-0.135028981,3.995068656,-0.28855,0.0128,-0.01862,3
98,-3.984532363,0.08762048,4.33144953,-0.27226,0.01513,-0.01978,3
99,-4.028183953,0.090817081,4.644705745,-0.25016,0.01164,-0.01978,3
100,-3.955356397,0.036944758,4.713835697,-0.17104,0.01047,-0.01513,3
101,-3.881213417,0.207409134,4.432722017,-0.04654,0.00233,-0.00931,3
102,-3.870415596,0.245143303,4.860131078,0.09075,-0.00233,-0.00116,3
103,-3.988765345,0.670447181,5.034748736,0.22689,-0.01164,0.00233,3
104,-3.934225149,0.473209069,5.210992826,0.38396,-0.02327,0.00814,3
105,-3.792102765,0.57922606,5.031644037,0.55034,-0.02909,0.01164,3
106,-3.898328835,0.375540385,5.395601842,0.70393,-0.05236,0.00465,3
107,-3.980611028,0.626885443,5.53037791,-0.00116,-0.0256,-0.07097,3
108,-4.114573815,0.758539719,5.562883184,-0.15242,-0.11868,-0.15242,3
109,-3.8877401,0.885524308,5.876802729,-0.02909,-0.01862,-0.01047,3
110,-3.816642934,0.691797365,5.807378573,0.07679,-0.00465,-0.00931,3
111,-3.830333528,0.794474471,5.980901527,0.10704,0.08028,0.01164,3
112,-3.626803071,0.881837539,5.97003009,-0.0861,-0.07447,-0.02443,3
113,-3.489823885,0.733693165,5.65363995,-0.02443,0,-0.00931,3
114,-3.708182551,0.827163151,5.513453526,0.0384,-0.00233,-0.00814,3
115,-3.728046243,0.863146582,5.315011935,-0.00349,-0.00931,-0.00814,3
116,-3.744494584,1.099943218,5.20319695,-0.04654,0.01047,-0.01862,3
117,-3.582185189,1.201975031,5.243809,-0.07912,0.01629,-0.02211,3
118,-3.562232504,1.017050712,5.28397176,-0.1245,0.01047,-0.01629,3
119,-3.733297091,0.921734676,4.840382279,-0.16638,0.01396,-0.01047,3
120,-3.965485492,0.896492915,4.892047892,-0.18035,0.0128,-0.02094,3
121,-3.81546353,1.013186328,4.852611135,-0.20711,0.01164,-0.01513,3
122,-3.677346796,1.237938055,4.731252627,-0.2455,0.0128,-0.01978,3
123,-3.66666857,0.933630637,4.703881,-0.19663,0.00931,-0.0128,3
124,-3.787199102,0.816944461,4.585393107,-0.06981,0.00465,-0.00698,3
125,-3.751023333,0.828432674,4.626244707,0.06283,-0.00465,-0.00698,3
126,-3.968990204,1.045458578,4.603717155,0.17336,-0.00582,-0.00116,3
127,-4.117864409,0.921086335,4.243930893,0.30251,-0.01396,0.00931,3
128,-4.357371672,0.964084146,4.197010694,0.3956,-0.01978,0.00582,3
129,-4.602124921,1.254001864,4.422328848,0.49915,-0.0384,0.0128,3
130,-4.723737072,1.336230169,4.405659222,0.16173,-0.20129,-0.03374,3
131,-4.832787732,1.032796666,4.640270257,-0.16987,-0.04538,-0.07563,3
132,-4.850346424,0.92801699,4.706999968,-0.08145,0.00582,0.00116,3
133,-5.12908827,0.732503862,4.826958881,-0.07912,0.00582,-0.00814,3
134,-5.297335133,0.794614654,4.7058532,-0.10355,0.00698,-0.01629,3
135,-5.300672077,0.842273657,4.471369904,-0.09075,0.00814,-0.0128,3
136,-5.199374877,0.875086701,4.448945235,-0.05003,0.00233,-0.01513,3
137,-5.309723848,0.626022779,4.319912483,0.05119,-0.00582,-0.00349,3
138,-5.509604645,0.572836777,4.288381579,0.1594,-0.00814,-0.00582,3
139,-5.533997968,0.310783606,4.599366932,0.23154,-0.02909,0.00698,3
140,-5.569010638,0.186555054,4.980492199,0.15824,0.11984,0.01513,3
141,-5.742512711,-0.13818298,5.068426945,-0.15242,-0.1338,-0.03723,3
142,-5.83279735,-0.09268046,5.065928914,-0.18384,-0.10704,0.04072,3
143,-5.99554681,-0.070066072,5.221246608,-0.16638,-0.13031,0.0861,3
144,-6.124440508,-0.013221132,5.494153286,-0.12333,-0.13846,0.09308,3
145,-6.058426796,0.110604653,5.461714725,-0.0384,-0.08843,0.05701,3
146,-6.1339914,0.151484608,5.404767315,0.07097,-0.00349,-0.01629,3
147,-5.819757571,0.058832144,5.396585803,0.18849,-0.00116,-0.00465,3
148,-5.741928423,-0.110580646,5.39519593,0.13148,0.11053,0.01862,3
149,-5.347844325,-0.122609002,5.837655378,0.02327,0.01862,-0.00349,3
150,-5.130487344,-0.039068154,6.020041066,-0.1338,-0.11286,-0.03142,3
151,-4.998317586,-0.067100681,6.175233082,-0.11402,0.03956,-0.0384,3
152,-4.896854607,0.010262474,6.259874025,0.1245,-0.00698,-0.00116,3
153,-4.57669716,-0.107362978,6.339222495,0.18267,0.14311,0.0256,3
154,-4.387427766,-0.206421578,6.219171837,0.25946,0.16871,0.02676,3
155,-4.219493165,0.095272182,5.843470285,-0.01396,-0.00116,-0.07097,3
156,-4.330330179,0.207051996,6.082562756,-0.01164,-0.0128,-0.01047,3
157,-4.328408296,0.375546456,6.018860522,-0.10937,-0.09192,-0.0256,3
158,-4.013015961,0.156570619,5.93189268,-0.22572,-0.18965,-0.05236,3
159,-4.001190409,0.094846694,5.49660729,0.06865,-0.01047,-0.00582,3
160,-3.988313605,0.109733681,5.561663039,0.06632,0.05352,0.00349,3
161,-3.94133198,0.399412865,5.422587335,-0.1466,-0.12915,-0.0384,3
162,-3.887232037,0.665398039,5.379447823,-0.1594,-0.10472,0.05236,3
163,-3.697618404,0.935216106,5.577473088,-0.14311,-0.15242,0.11053,3
164,-3.576129966,0.607361216,5.372650109,-0.11752,-0.24085,0.16406,3
165,-3.71222272,0.538084275,5.631392629,-0.08843,-0.09774,0.12915,3
166,-3.639258215,0.599793892,5.366284304,-0.14544,-0.11752,0.02792,3
167,-3.760270364,0.463511867,5.445978374,0.01629,0.00116,-0.00582,3
168,-4.05143042,0.347967438,5.310601052,0.14195,0.10123,-0.02909,3
169,-4.128019928,0.515096025,5.214542197,0.12799,0.11402,-0.02676,3
170,-4.248644604,0.610304231,5.471735356,0.10123,0.08494,0.00465,3
171,-4.182920695,0.621687089,5.740665423,0.09774,0.07679,0.00931,3
172,-4.147580081,0.754278017,5.703200319,0.06167,0.04654,0.00349,3
173,-4.150119574,0.699851612,5.401618775,-0.04538,-0.03374,-0.01513,3
174,-4.225891908,0.740051991,5.513790701,-0.17569,-0.14079,-0.04421,3
175,-4.204315744,0.641056987,5.44844795,-0.35138,-0.27575,-0.08377,3
176,-4.043413621,0.626453113,5.276820585,-0.23852,-0.03723,-0.00582,3
177,-4.059705908,0.387179801,4.937784675,-0.1338,0.01047,-0.01396,3
178,-4.296515346,0.106548342,4.744751112,-0.01745,0.00233,-0.00931,3
179,-4.18659883,-0.00304328,4.720073052,0.10123,-0.00349,-0.00814,3
180,-4.433118051,-0.013463528,4.527473536,0.18733,-0.0128,-0.00233,3
181,-4.349836262,-0.168194432,3.805335071,0.21874,-0.01047,-0.00116,3
182,-4.354697711,0.209849088,3.550464088,0.09192,0.09425,-0.03491,3
183,-4.377737544,0.497376634,3.574203611,-0.10006,-0.04305,-0.09075,3
184,-4.365105232,0.767987121,3.417534079,-0.13264,0.04421,-0.03374,3
185,-4.434744993,0.945365292,3.653294351,-0.16057,0.01745,-0.01396,3
186,-4.517300572,0.954988735,3.837261747,-0.19547,0.01862,-0.01745,3
187,-4.724157423,1.085679653,4.084995253,-0.21525,0.01513,-0.01978,3
188,-4.742708072,1.344345702,4.327763837,-0.18267,0.0128,-0.01396,3
189,-4.880108972,1.340541758,4.704580911,-0.13031,0.00698,-0.01745,3
190,-4.672551799,1.536531521,4.967664691,-0.05818,0.00582,-0.01047,3
191,-4.731796289,1.526053918,5.398557002,0.03374,-0.00116,-0.01047,3
192,-4.741195792,1.77648074,5.704575718,0.14079,-0.00814,-0.00349,3
193,-4.410194477,1.677691479,6.135014033,0.27459,-0.01164,0.00116,3
194,-4.323281445,1.504820302,6.419991553,0.41887,-0.01978,0.00349,3
195,-4.117026323,1.2590493,6.612184497,0.54104,0.30019,0,3
196,-4.323602393,1.382668823,6.877279336,0.52707,0.2711,-0.08145,3
197,-4.200858548,1.111658505,7.108501766,-0.18616,-0.27343,-0.04072,3
198,-4.063417188,0.854836948,7.30322719,-0.16406,-0.08494,-0.06399,3
199,-4.143213822,0.464295916,7.227619704,-0.16987,-0.10123,0.02094,3
200,-4.435628181,0.083050116,7.126560273,-0.01978,-0.02327,0.00931,3
201,-4.435358825,-0.027832587,6.804543536,0.11868,-0.01047,-0.00582,3
202,-4.642621692,-0.152586971,6.87813143,0.22689,-0.00582,-0.00931,3
203,-4.559852078,-0.353673658,7.139068878,-0.04538,-0.04189,-0.01629,3
204,-4.697775824,-0.395671881,6.900830403,-0.15009,0.06865,-0.0128,3
205,-4.517767331,-0.466328198,6.643989459,-0.08843,0.00698,-0.00814,3
206,-4.642938752,-0.368426419,6.223314459,-0.08377,0.00698,-0.00814,3
207,-4.532587178,-0.334644473,5.925825152,-0.04887,0.00465,-0.01047,3
208,-4.615280741,-0.479912947,5.87063997,-0.05236,0.00465,-0.01164,3
209,-4.632622657,-0.227187562,5.822324864,-0.10123,0.00465,-0.01396,3
210,-4.810257645,0.007336216,5.831822342,-0.04421,0.00465,-0.00931,3
211,-5.041116584,0.143259962,5.774666737,0.04189,-0.00349,-0.00931,3
212,-5.104389473,0.311260582,5.650721584,0.15126,-0.00931,0,3
213,-5.446909797,0.471719185,5.610810491,0.30601,-0.02909,0.00233,3
214,-5.478025746,0.611768665,5.705791924,0.30135,0.26179,-0.01745,3
215,-5.569353606,0.692767337,5.667050025,0.14311,0.10472,0.02211,3
216,-5.406389346,0.913469908,5.758301643,0.01745,0.01513,-0.00582,3
217,-5.540755096,1.143832745,5.78976826,-0.09075,-0.07912,-0.02909,3
218,-5.425969661,1.0353191,5.656700585,-0.24434,-0.19896,-0.04887,3
219,-5.475305602,0.962854517,5.51386547,-0.25248,0.07214,-0.0477,3
220,-5.409986991,0.968787822,5.02303062,-0.19431,0.00233,-0.00814,3
221,-5.452742041,0.819022512,4.99128487,-0.17104,0.0128,-0.0128,3
222,-5.484336782,0.588378457,4.430458398,-0.07563,0.00465,-0.01164,3
223,-5.311078396,0.604060555,4.289235728,0.04538,-0.00233,-0.00582,3
224,-5.317063503,0.400764845,4.19989896,0.11868,-0.00698,-0.00233,3
225,-5.315745891,0.396068159,3.99590088,0.19547,-0.01513,-0.00349,3
226,-5.26537319,0.344426842,3.84507762,0.28623,-0.0256,-0.00465,3
227,-5.176499679,0.315880764,3.604132856,0.2711,0.20478,-0.01862,3
228,-5.037169558,0.265765186,3.472137953,0.01164,0.00582,-0.00465,3
229,-4.814238969,0.135460964,3.67595306,-0.17104,-0.1373,-0.04305,3
230,-4.429096632,0.505998433,3.710634173,-0.13031,0.19547,-0.06865,3
231,-4.337629969,0.507497161,3.505329362,0.11519,-0.0384,0.01629,3
232,-4.088751577,0.422942514,3.745262672,0.1373,0.13031,-0.05352,3
233,-3.82305358,0.355668307,3.91589866,0.05236,0.04538,-0.00698,3
234,-3.835626778,0.164490035,3.804086642,-0.01513,-0.01396,-0.01164,3
235,-3.646304334,0.06035725,3.708298258,-0.11635,-0.09774,-0.02676,3
236,-3.443100452,0.198909656,3.69567764,0.04189,-0.02909,0.00116,3
237,-3.57497527,-0.086233701,3.970470558,0.00814,0.00465,-0.01396,3
238,-3.69159155,-0.000441028,3.907222731,-0.01047,0.00698,-0.01513,3
239,-3.683318085,0.04892338,4.056597035,-0.00931,-0.00582,-0.01513,3
240,-3.764970708,-0.030027508,4.345481277,0.00582,0.00233,-0.00931,3
241,-3.916027926,0.174116366,4.524210124,0.00582,0.00116,-0.00465,3
242,-4.24455575,0.186940798,4.465784567,0.00582,0.00349,-0.00698,3
243,-4.447046981,-0.018781937,4.708459015,0.00349,-0.00116,-0.00931,3
244,-4.486501733,-0.128771083,4.934218435,0.00349,-0.00233,-0.01047,3
245,-4.782364776,-0.15138282,5.227667892,0,0,-0.00582,3
246,-5.090766802,-0.192441363,5.16645107,0.00465,0,-0.00814,3
247,-5.384331141,-0.402347368,5.338233844,0.00233,0,-0.00931,3
248,-5.825401846,-0.384205398,5.092604406,0.00233,-0.00233,-0.00931,3
249,-6.107472178,-0.231656945,5.112331752,-0.00116,-0.00233,-0.00931,3
250,-6.434752906,-0.061649405,4.928731681,0.00233,-0.00116,-0.00698,3
251,-6.294761253,0.040945291,4.603168641,-0.01396,0.00233,-0.01047,3
252,-6.335861539,-0.080776932,4.599435937,-0.03491,0.00233,-0.00931,3
253,-6.307235355,-0.130134076,4.630630208,-0.02792,0.00349,-0.00698,3
254,-6.278447719,-0.231272661,4.285950827,-0.00582,-0.00116,-0.00931,3
255,-6.006805133,-0.102139239,4.071184292,0.05818,-0.00814,-0.00582,3
256,-5.643693081,0.184521721,4.256426552,0.0384,0.03025,0.00814,3
257,-5.182601229,0.17397128,4.516373114,-0.04538,-0.04305,-0.02443,3
258,-4.988130515,0.236306791,4.663680168,0.01629,0.01396,-0.00465,3
259,-4.3811982,0.287951443,4.78667808,-0.00233,-0.00698,-0.00931,3
260,-4.166294006,0.269939069,4.645729865,-0.00582,-0.00233,-0.00814,3
261,-3.833937001,0.176903813,4.643080154,0.00698,0.00349,-0.00814,3
262,-3.648428994,-0.037787814,4.821182756,-0.00116,-0.00233,-0.01047,3
263,-3.470620974,-0.013887853,5.007043458,0,0,-0.01047,3
264,-3.350867422,-0.053202537,5.083793076,0.00582,0,-0.00814,3
265,-3.42943733,-0.190286119,5.152462581,-0.00116,0.00233,-0.00465,3
266,-3.422082782,-0.201785353,4.795609644,0.00465,0.00233,-0.01047,3
267,-3.599240777,-0.091920145,4.984434694,0.00698,0.00116,-0.00931,3
268,-3.534262984,0.095671613,4.99416267,0.00349,0.00233,-0.00931,3
269,-3.789458409,0.157824447,5.196195416,0.00233,0.00233,-0.00931,3
270,-3.723214669,0.118681918,5.554018757,0.00233,0.00116,-0.00698,3
271,-4.108759605,0.177333133,5.840076813,0.00465,0,-0.00698,3
272,-4.45310086,0.157995453,6.168262912,0.00116,-0.00233,-0.00814,3
273,-4.949349567,0.109865378,6.136477891,-0.00116,-0.00116,-0.01047,3
274,-5.20108322,0.094340867,6.113606259,0.00349,0.00116,-0.01047,3
275,-5.429819709,0.19865594,6.119318737,0,0.00233,-0.00582,3
276,-5.639571988,0.225613381,6.101844078,0,-0.00116,-0.00814,3
277,-5.760825044,0.413277079,6.036162438,0.00349,-0.00116,-0.00814,3
278,-5.772302884,0.422454196,5.556669092,0,-0.00349,-0.00814,3
279,-5.863641565,0.49822377,5.228007631,-0.01978,-0.02443,0.00465,3
280,-5.912137646,0.484253928,5.081560274,-0.08726,-0.08377,0.05469,3
281,-6.007355818,0.624093104,4.872794759,-0.19431,-0.15708,0.10821,3
282,-6.10536958,0.316002004,4.403411381,-0.31299,-0.21758,0.14893,3
283,-5.89187448,0.13212126,4.534459673,-0.41654,-0.21758,0.14428,3
284,-5.668174333,0.244224008,4.344220109,-0.49915,-0.16871,0.10006,3
285,-5.439893232,-0.10426732,4.239012921,-0.48286,-0.07563,0.04538,3
286,-5.008955383,-0.218290236,4.492138973,-0.3956,0.03258,-0.03142,3
287,-4.67291071,-0.492285882,4.255030898,-0.2839,0.02327,-0.01862,3
288,-4.311559665,-0.526640769,4.194554253,-0.12799,0.0128,-0.01396,3
289,-4.073695352,-0.575911632,4.459516056,0.06981,-0.00698,-0.00349,3
290,-3.660265766,-0.758315729,4.565012488,0.3444,-0.01978,0.00116,3
291,-3.54935522,-0.907497251,4.586974814,0.60387,-0.02792,0.00931,3
292,-3.380865845,-0.786119498,4.41280919,0.76327,-0.03723,-0.00349,3
293,-3.542297988,-0.718696459,4.640762906,0.93896,0.67717,-0.10588,3
294,-3.489918203,-0.368086739,4.918278305,-0.1117,0.13264,-0.16289,3
295,-3.629736443,-0.123961707,4.988924417,-0.34091,0.17453,-0.12915,3
296,-3.945843314,-0.006884724,4.989030755,-0.19314,-0.12566,-0.15242,3
297,-4.13765908,-0.006368863,5.447905964,-0.05585,-0.06865,0.01629,3
298,-4.240389065,0.167398868,5.816624892,0.01745,-0.10588,0.0477,3
299,-4.377793015,0.207778848,5.867772312,0.03607,0,0.02676,3
300,-4.516188135,0.228106144,6.115841115,-0.10006,-0.02792,0.0128,3
301,-4.597954113,0.034094137,6.364475619,-0.2234,-0.05352,0.03374,3
302,-4.646018346,-0.054844984,6.32157403,-0.34789,-0.04887,0.02676,3
303,-4.793303231,0.135366302,6.457330424,-0.44097,-0.09192,0.05585,3
304,-4.909681443,-0.097122997,6.269969168,-0.53871,-0.11519,0.06748,3
305,-4.882594951,-0.146070148,6.163297244,-0.5678,-0.06981,0.03723,3
306,-5.059060629,-0.449094967,6.348552736,-0.5294,0.00116,-0.00698,3
307,-4.931581506,-0.727540813,6.010541706,-0.45726,0.03142,-0.02909,3
308,-4.954469467,-1.290388187,5.72111449,-0.37116,0.02676,-0.02094,3
309,-5.100660425,-1.552652609,5.54747652,-0.30251,0.01978,-0.02094,3
310,-4.962572354,-1.432457777,5.424297829,-0.21991,0.01745,-0.01629,3
311,-4.867243316,-1.578163121,5.395962605,-0.14544,0.01047,-0.01164,3
312,-4.772248837,-1.670074536,5.592995962,-0.0605,0.00349,-0.00931,3
313,-4.654535314,-1.730922521,5.45027889,0.06981,-0.00349,-0.00233,3
314,-4.606230182,-1.627675833,5.526346599,0.25016,-0.01862,-0.00116,3
315,-4.548467387,-1.543170888,5.430648633,0.41305,-0.02443,0,3
316,-4.573146439,-1.419733901,5.431957967,0.63179,-0.04189,0.01047,3
317,-4.370576092,-1.11257493,5.496201307,0.79817,-0.05236,0.01745,3
318,-4.495219585,-0.903491184,5.598465936,0.9378,-0.05352,0.01862,3
319,-4.635931249,-0.88119604,5.657673831,1.14839,0.99015,0.0384,3
320,-4.626505251,-0.50812737,5.355634276,0.50846,-0.01396,-0.16522,3
321,-4.51637194,-0.028027167,5.324029483,-0.31066,0.07796,-0.16289,3
322,-4.211631011,0.563653038,5.296859266,-0.41654,-0.21641,-0.15358,3
323,-4.162398482,1.000965899,5.503832875,-0.33975,0.08843,-0.11286,3
324,-3.722516784,1.170026561,5.689389849,-0.02094,0.00349,-0.00582,3
325,-3.675956571,1.263718951,5.705148656,0.17918,-0.01396,-0.00349,3
326,-3.721317041,1.59619263,6.043185691,0.3188,0.33975,0.03142,3
327,-3.712756176,1.596889908,6.096827689,0.03491,0.02094,-0.00349,3
328,-3.547551925,1.514750624,6.439403937,-0.21409,-0.17453,-0.04654,3
329,-3.682331621,1.564112748,6.583321229,-0.16406,-0.00349,0.00233,3
330,-3.802952187,1.437186919,6.933022753,-0.07679,0.00465,-0.01047,3
331,-3.967812281,1.151894433,6.817438221,0.03142,-0.00233,-0.00814,3
332,-3.853945816,0.915827069,6.670502266,0.13962,-0.00698,-0.00814,3
333,-4.14862551,0.810422933,6.783676513,0.18035,0.23387,0.01513,3
334,-4.269994621,0.548066689,6.783244135,0.02676,0.02792,-0.04654,3
335,-4.515784134,0.431724928,6.705868931,0.00233,0.03374,-0.02327,3
336,-4.73571081,0.201212572,6.299256631,0.05934,0.05469,-0.03142,3
337,-4.779693441,0.209362374,6.428384006,-0.00233,0.00233,-0.04421,3
338,-4.888477194,0.196523276,6.265554285,0.0128,0.00465,-0.00349,3
339,-5.252794655,0.13451475,6.120919551,0.00814,0.00465,-0.00698,3
340,-5.563962585,0.13205685,6.085764378,0.00465,-0.00349,-0.00931,3
341,-5.525722262,0.196526959,5.872816042,-0.00116,0.00116,-0.00814,3
342,-5.622993433,0.464129278,5.584122351,0.00582,-0.00116,-0.00931,3
343,-5.726559483,0.48015309,5.438620557,-0.00116,-0.00116,-0.00814,3
344,-5.50940926,0.437384763,5.274183206,-0.00116,-0.00582,-0.00233,3
345,-5.265878772,0.411777335,5.043107954,-0.01862,-0.02211,0.00465,3
346,-5.003344719,0.299667222,4.864029135,-0.06632,-0.07097,0.04072,3
347,-4.970419237,0.33694444,4.936735277,-0.15009,-0.09657,0.06516,3
348,-4.442004863,0.584097581,4.660791584,-0.27226,-0.10588,0.06167,3
349,-3.946102903,0.461890468,4.483833749,-0.36651,-0.10239,0.06632,3
350,-3.812368204,0.494820668,4.330778977,-0.39792,-0.06865,0.03956,3
351,-3.550938597,0.445924523,4.278323182,-0.37349,-0.04538,0.0256,3
352,-3.499008583,0.61011098,4.630814521,-0.3188,-0.0477,0.02909,3
353,-3.368277158,0.54754085,4.402605791,-0.18616,-0.02443,0.0128,3
354,-3.239021177,0.594778454,4.735111247,-0.0477,-0.03491,0.01396,3
355,-3.112410212,0.439321709,5.076743877,0.02094,-0.05934,0.02676,3
356,-3.218865816,0.504637949,5.244650055,0.05352,-0.10239,0.05352,3
357,-3.435496975,0.656832728,5.468643972,0.04189,-0.15591,0.08494,3
358,-3.741600126,0.597708487,5.78437689,-0.03142,-0.24434,0.1466,3
359,-3.850664207,0.934541917,5.698997811,-0.0605,-0.30251,0.18384,3
360,-4.138678478,1.006104145,5.828268518,-0.07214,-0.3316,0.19314,3
361,-4.176246169,1.020675264,5.770199705,-0.05003,-0.31066,0.17569,3
362,-4.427041591,0.744942758,5.858648169,-0.03607,-0.02676,0.00349,3
363,-4.837726793,0.763359173,5.908467229,-0.10472,0.05003,-0.00349,3
364,-4.785362383,0.80449298,5.860343612,-0.06516,0.00814,-0.00814,3
365,-5.033315753,0.484001429,6.072079881,-0.01164,0,-0.00698,3
366,-4.977119477,0.092377022,6.136598798,0.09075,-0.00698,-0.00814,3
367,-5.105663522,-0.077537811,6.001319962,0.22689,0.18267,-0.01513,3
368,-5.075353054,-0.228212753,5.967174503,0.22921,0.17918,-0.07563,3
369,-4.926377819,-0.201423392,5.978689491,0.20943,0.17569,-0.11752,3
370,-4.703651691,-0.538890856,5.860355385,0.16755,0.15358,-0.14311,3
371,-4.371978585,-0.537987232,5.637724675,0.05236,0.07679,-0.12682,3
372,-4.384579601,-0.552833804,5.911534689,-0.01164,-0.01396,0,3
373,-4.293426774,-0.332867748,5.900436866,-0.00698,-0.00233,-0.01047,3
374,-4.164733124,-0.102824576,5.813222996,-0.00349,-0.00465,-0.00698,3
375,-3.974839468,0.149222705,5.568860036,-0.01629,0.00349,-0.00465,3
376,-3.634461487,0.219774819,5.507777627,-0.07796,0.00582,-0.01047,3
377,-3.504129337,0.287572966,5.476736977,-0.09192,0.00698,-0.01047,3
378,-3.383404765,0.166184291,5.386557064,-0.0605,0.00698,-0.0128,3
379,-3.515180827,0.189441068,5.138068017,-0.02094,-0.00233,-0.00931,3
380,-3.476905048,0.315282378,5.225450443,0.01629,0,-0.00582,3
381,-3.421522565,0.222895497,5.226896424,0.02094,-0.03142,0.0128,3
382,-3.428029957,0.317250325,5.188876529,-0.01047,-0.11868,0.06167,3
383,-3.625423923,0.18140267,5.37136063,0.01047,-0.10123,0.09075,3
384,-3.662394889,0.090441057,5.304054594,-0.04305,-0.04189,0.01396,3
385,-3.958817671,-0.095826991,5.157547791,-0.07563,-0.01745,-0.02094,3
386,-3.917383926,0.164301633,5.124978857,-0.05236,-0.06399,0.03258,3
387,-4.196646516,0.193125038,5.245300936,-0.04654,-0.0477,0.01629,3
388,-4.114969192,0.121306892,5.040104754,-0.0477,-0.04887,0.0256,3
389,-3.9580473,0.180119265,4.837848439,-0.04189,-0.03258,0.01164,3
390,-3.812956869,0.105325515,4.4923843,-0.00814,-0.00698,-0.00349,3
391,-3.679308057,-0.001233171,4.691999347,0.00465,0,-0.00814,3
392,-3.640386647,-0.100750726,4.347329762,0.00698,0.00233,-0.00814,3
393,-3.797317982,-0.193803882,4.280881605,-0.00349,0.00116,-0.01047,3
394,-3.962369017,-0.313496313,4.345823514,0.00931,0.00116,-0.00814,3
395,-3.897890325,-0.278511492,4.451198157,0,0,-0.01047,3
396,-4.156660003,-0.283937304,4.146113455,0.00116,-0.00116,-0.01164,3
397,-4.262614367,-0.489654536,4.000971756,-0.00116,-0.00233,-0.01047,3
398,-4.236964214,-0.366151146,3.896212298,0.00931,0.00582,-0.00814,3
399,-4.25749836,-0.46018242,4.109301112,-0.00465,0,-0.00931,3
400,-4.591584983,-0.610151303,4.336689866,-0.00116,0.00349,-0.01047,3
401,-4.726246472,-0.384497928,4.417768949,-0.02792,0,-0.01396,3
402,-4.749807757,-0.188922697,4.41345678,-0.0477,0.00465,-0.01047,3
403,-4.617792267,-0.088489539,4.339452334,-0.12217,0.00931,-0.00465,3
404,-4.664926779,-0.11501165,4.242598109,-0.20594,0.01629,-0.0128,3
405,-4.700839225,-0.211392739,4.075594566,-0.24201,0.01745,-0.01047,3
406,-4.93834866,-0.1184627,4.260039328,-0.18733,0.0128,-0.01396,3
407,-4.969938853,-0.281400478,4.048396192,-0.15009,0.01978,-0.01745,3
408,-4.887266835,-0.360731532,4.291051954,-0.15591,0.01396,-0.01047,3
409,-5.033718602,-0.520938319,4.178622665,-0.20013,0.03258,-0.01745,3
410,-5.072299526,-0.812924064,4.32129782,-0.28623,0.01978,-0.01396,3
411,-5.184704406,-1.076133191,4.453072758,-0.36884,0.0256,-0.01629,3
412,-5.282918526,-1.329271176,4.610421155,-0.38629,0.02909,-0.01862,3
413,-5.235141491,-1.578352113,4.284403484,-0.32579,0.02094,-0.01513,3
414,-5.344830654,-1.759580865,4.207027591,-0.21525,0.01745,-0.01164,3
415,-5.561107629,-1.665732487,4.187047126,-0.17453,0.01396,-0.00931,3
416,-5.468722339,-1.641033448,4.068720946,-0.16522,0.01396,-0.00931,3
417,-5.482868713,-1.395374497,3.836663658,-0.18849,0.01513,-0.00931,3
418,-5.510580794,-1.19530438,3.700283956,-0.2106,0.0128,-0.00698,3
419,-5.67327583,-0.897541389,3.854127116,-0.1978,0.00233,-0.00465,3
420,-5.524510207,-0.896966273,3.696442453,-0.17336,-0.0128,-0.00116,3
421,-5.384862237,-0.492617925,3.657630584,-0.09192,0.00582,-0.01164,3
422,-5.293257977,-0.328683372,3.569344364,0.01745,-0.00465,-0.00814,3
423,-5.116335574,-0.107285933,3.451492612,0.17802,-0.03258,0.01047,3
424,-4.878860804,-0.390312482,3.488479022,0.26296,-0.04887,0.00931,3
425,-4.910477739,-0.275381223,3.307625768,0.30601,-0.02443,-0.00116,3
426,-5.00425481,-0.265407969,3.402487096,0.31531,-0.03025,-0.00116,3
427,-4.953509689,-0.158131459,3.388739265,0.3188,-0.08726,0.03374,3
428,-4.955474596,-0.284790782,3.525526316,0.29321,-0.1338,0.06748,3
429,-4.900338551,-0.190645771,3.555874573,0.24899,-0.23736,0.09774,3
430,-4.673893353,-0.402193773,3.793058451,0.22805,-0.36534,0.17104,3
431,-4.727965231,-0.422364874,3.987091616,0.23387,-0.44097,0.21176,3
432,-4.645715205,-0.393674168,3.803595396,0.2583,-0.31531,0.22805,3
433,-4.568351223,-0.201718751,3.882919465,0.23968,-0.05701,0.09192,3
434,-4.264491978,-0.174108581,3.897792652,0.06516,0.05236,-0.00814,3
435,-3.882118908,0.047686722,3.724993717,-0.19547,-0.12101,-0.04189,3
436,-3.857982775,0.026484044,3.470425447,-0.42119,-0.25248,-0.10123,3
437,-3.729435945,-0.153787573,3.74600716,-0.50613,0.17336,-0.05585,3
438,-3.752579517,-0.357709891,3.554800256,-0.42352,0.02676,-0.01047,3
439,-3.802649464,-0.425378381,3.472964644,-0.44214,0.0384,0.00349,3
440,-3.851136686,-0.412567816,3.661745362,-0.43283,0.03374,-0.00349,3
441,-4.058072671,-0.522037373,3.828116786,-0.42817,0.03374,-0.00349,3
442,-4.07617588,-0.190134247,3.662993952,-0.46541,0.0128,0.00465,3
443,-4.161641897,-0.11826085,3.716011232,-0.47472,0.03491,-0.00931,3
444,-4.089075044,-0.087421115,3.882053672,-0.44912,0.02327,-0.00582,3
445,-3.898187419,-0.10525801,4.296388249,-0.27808,0.00116,0.00116,3
446,-3.879928262,-0.017661698,4.289969976,-0.11984,0.01164,-0.0128,3
447,-3.796982213,-0.004911831,4.532632226,0.00582,0.00349,-0.0128,3
448,-3.698978233,0.17327141,4.546377264,0.11053,-0.00698,-0.00931,3
449,-3.740463155,0.190180682,4.653223347,0.185,-0.01396,-0.00814,3
450,-3.637187559,0.117396779,4.4984953,0.25597,-0.01513,-0.01629,3
451,-3.543746394,-0.170815417,4.237526142,0.30368,-0.02094,-0.01047,3
452,-3.403181718,-0.204392836,4.006669052,0.27575,-0.02327,-0.00931,3
453,-3.394202896,-0.259092827,4.045522408,0.22689,-0.05003,0.00582,3
454,-3.462653917,-0.491083175,4.150612029,0.11752,-0.09541,0.02909,3
455,-3.365501856,-0.323374932,4.199144769,0.0256,-0.03956,0.01047,3
456,-3.414491734,-0.305083347,4.198586792,-0.05236,0.00814,-0.00698,3
457,-3.282423087,-0.351345004,4.05678452,-0.14777,0.0128,-0.00582,3
458,-3.089850504,-0.49730459,4.094269292,-0.22921,0.01978,-0.00465,3
459,-3.142528312,-0.786271504,4.059195516,-0.22689,0.01978,-0.00582,3
460,-3.183704053,-1.131273666,4.046606329,-0.20827,0.01978,-0.00582,3
461,-3.356225098,-1.433008995,4.143996799,-0.25248,0.02327,-0.01164,3
462,-3.222486592,-1.529429481,4.10033574,-0.34789,0.03258,-0.01513,3
463,-3.413881559,-1.645691866,3.760212088,-0.51544,0.10355,-0.0384,3
464,-3.569223353,-1.744354462,3.746797352,-0.68531,0.20362,-0.06516,3
465,-3.696034083,-1.47803954,3.536038626,-0.80865,0.15591,-0.03607,3
466,-3.904175837,-1.589643677,3.495686943,-0.92383,0.15009,-0.03025,3
467,-3.896458412,-1.670094063,3.253864815,-0.96223,0.11402,-0.00814,3
468,-3.989042049,-1.562905994,3.18656386,-0.90522,0.09541,0.00233,3
469,-4.016881807,-1.509486299,3.288645666,-0.91685,0.11286,-0.00349,3
470,-3.737866196,-1.674764037,3.057953299,-1.02739,0.11635,0.01862,3
471,-3.970469346,-1.961810866,2.684753459,-1.15537,0.10472,0.02909,3
472,-4.305329641,-2.019367122,2.696765489,-1.21355,0.10821,0.03956,3
473,-4.746757295,-1.967958788,2.551579414,-1.22053,0.10821,0.04305,3
474,-5.019479564,-2.20544829,2.546317947,-1.17399,0.08145,0.03491,3
475,-4.889682348,-2.20206218,2.631776378,-1.20424,0.05469,0.01862,3
476,-5.20463203,-2.182864718,1.9508179,-1.34619,0.06632,0.01513,3
477,-5.133512298,-2.228535238,1.212838481,-1.46138,0.06981,0.04305,3
478,-4.970938858,-2.194290758,1.192215964,-1.49628,0.02327,0.07447,3
479,-5.090344073,-2.310606352,0.92356719,-1.27056,-0.04887,0.01513,3
480,-4.971266192,-2.557341621,0.571886014,-1.19726,0.01862,-0.03723,3
481,-4.789696265,-2.823926802,0.368395044,-1.26591,0.05701,-0.03374,3
482,-4.662161347,-3.139581088,0.035283206,-1.41018,0.1338,-0.03723,3
483,-4.635326188,-3.535623759,-0.122189908,-1.58937,0.15824,-0.03956,3
484,-4.483731379,-3.824870169,-0.460589175,-1.87676,0.11984,0.02909,3
485,-4.800689992,-3.948996339,-0.929333066,-2.1176,0.15824,0.01396,3
486,-4.882674649,-4.019436766,-1.465795201,-2.28515,0.0384,-0.01629,3
487,-4.988887632,-3.998920821,-1.864752761,-2.47597,0.03258,-0.03374,3
488,-4.961340301,-3.926338657,-2.42818205,-2.74474,0.12333,-0.00698,3
489,-4.805055191,-3.781152898,-3.336217435,-3.04376,0.07796,0.0733,3
490,-4.873070317,-3.902656005,-4.073679247,-3.31719,0.13962,-0.16871,3
491,-4.948192205,-3.644997163,-4.68555208,-3.56851,0.08145,-0.05236,3
492,-4.892012828,-3.472134572,-5.594292495,-3.94782,0.25714,0.15242,3
493,-4.775953655,-2.921886255,-6.46641057,-4.4237,0.20594,0.08145,3
494,-4.789113628,-2.487665199,-6.955689418,-5.06014,-0.05236,0.08494,3
495,-4.974748271,-1.881320219,-7.852375194,-5.77338,-0.39211,0.26761,3
496,-4.933974804,-1.068806437,-8.870973264,-6.66463,0.36185,0.39211,3
497,-4.879251537,-0.529614626,-9.438279376,-7.77812,0.0256,0.4049,3
498,-4.811634082,0.233256457,-9.991505487,-8.82878,0.98085,0.33742,3
499,-4.582686127,0.889589566,-10.56461662,-10.44374,0.36884,0.18384,3
500,-4.52725086,1.551195336,-11.03691711,-10.98129,0.00698,0.16173,3
501,-4.400156202,2.057351718,-11.42431059,-11.44437,-0.59921,0.11984,1
502,-4.109237094,2.662268664,-11.89421721,-7.43139,6.83916,0.23387,1
503,-3.999563316,2.908233652,-12.25458746,3.65927,-0.32811,-1.33805,1
504,-3.581291148,3.24357407,-12.7350622,5.1125,-0.41421,-1.33339,1
505,-3.586550766,3.164685681,-12.91075721,5.65121,-0.63063,-1.32525,1
506,-3.411083692,3.072940959,-13.03613773,2.99606,-2.89483,-1.66732,1
507,-3.402246437,3.064161964,-13.08902768,-1.19261,-0.93314,-0.59921,1
508,-3.262158308,2.769114959,-13.25681156,-1.0588,-0.70393,-0.5899,1
509,-3.080873087,2.640800995,-13.21086316,-1.83371,3.84194,0.40141,1
510,-3.147397557,2.604503902,-13.32699017,-0.28972,-0.22456,0.86682,1
511,-3.008562532,2.682069782,-13.36778604,0.13031,0.15358,1.12047,1
512,-2.787631079,2.733458372,-13.24203957,0.75512,0.29786,1.20424,1
513,-2.809241927,2.713520578,-13.20760273,1.04368,0.24667,1.18563,1
514,-2.858635089,2.592862761,-13.16334531,1.31827,0.28739,1.17981,1
515,-2.959355461,2.567309387,-13.0375907,1.5021,0.28274,1.14839,1
516,-2.977669191,2.530923725,-13.0253942,-0.12566,-0.13613,0.38047,1
517,-3.074802876,2.322597714,-12.86131807,-0.32346,-0.09308,0.26063,1
518,-3.339037639,2.517695964,-13.15585915,-0.16289,-0.02909,0.09774,1
519,-3.682836697,2.820507575,-13.37524879,0.03491,0.00698,0.00116,1
520,-4.162558448,2.80150124,-13.68054081,0.30135,0.04305,0,1
521,-4.40591072,2.980299465,-13.90541741,0.55267,0.08494,0,1
522,-4.787848731,3.161611072,-14.04294178,-0.15824,-0.00931,0.02676,1
523,-4.790783053,3.287454175,-14.14716462,0.1373,0.03607,-0.00465,1
524,-4.832077187,3.082626148,-14.44396886,-0.00233,0,-0.00698,1
525,-4.967168524,2.961458632,-14.42036425,-0.00931,-0.00349,-0.00931,1
526,-4.986697618,2.93617307,-14.1977357,0,0.00116,-0.00814,1
527,-5.096256622,2.730071865,-13.96044052,0.00233,0.00116,-0.0128,1
528,-5.05781009,2.412547292,-13.50518366,-0.00465,0.00233,-0.00814,1
529,-4.687718438,2.224803822,-13.12406555,-0.00349,0,-0.01047,1
530,-4.805342553,2.163256536,-13.30254402,0,0,-0.00814,1
531,-4.583073285,2.053645515,-13.7430311,0.00349,-0.00116,-0.01047,1
532,-4.358464271,2.040000095,-13.54371716,-0.00116,-0.00116,-0.00814,1
533,-4.204649216,1.707701828,-13.46025587,0.00116,0.00116,-0.00814,1
534,-3.879048825,1.454873953,-13.57535698,0.00116,0,-0.01164,1
535,-3.762050817,1.151557189,-13.48098781,-0.00233,0,-0.00931,1
536,-3.360001485,1.076180562,-13.28636793,0.00233,0.00116,-0.01047,1
537,-2.844304711,0.668127084,-13.22391972,0.00582,0.00116,-0.00698,1
538,-2.440721041,0.841932307,-13.17570653,0.00116,-0.00116,-0.00814,1
539,-2.534679711,0.91480773,-13.17345041,0.00465,-0.00116,-0.00465,1
540,-2.312769697,0.972470765,-13.13440929,0.00698,0.00465,-0.00582,1
541,-2.244652734,1.435648661,-12.78138762,-0.00233,0,-0.00814,1
542,-2.091389094,2.095896988,-12.63223224,0,0,-0.0128,1
543,-2.0335211,2.29314846,-12.71104568,0.00233,0.00116,-0.00698,1
544,-2.060778807,2.42328407,-12.67203146,0.00116,0,-0.00814,1
545,-2.072188008,2.647558426,-12.89632248,0.00582,-0.00233,-0.00814,1
546,-1.878099939,2.723112815,-13.14744988,-0.00116,0,-0.00582,1
547,-1.854563288,2.764751825,-13.22184891,0.00233,0.00116,-0.00698,1
548,-1.971059881,2.940118028,-13.55510482,0.00116,0,-0.00931,1
549,-2.18739582,2.698693767,-13.75445153,0.00814,0.00116,-0.00698,1
550,-2.207370388,2.471866327,-13.73814387,0.00465,0.00233,-0.01047,1
551,-2.326395854,2.352443574,-13.72066552,0.00233,0.00116,-0.01047,1
552,-2.893625367,2.052092468,-13.67505108,0,-0.00116,-0.00814,1
553,-3.115463704,1.90602904,-13.61591961,0.00465,0.00233,-0.01047,1
554,-3.55636469,1.598013824,-13.50862278,-0.00116,-0.00116,-0.0128,1
555,-3.812660343,1.333863421,-13.43930641,0.00349,0.00465,-0.01047,1
556,-3.909058001,1.215031981,-13.5362987,0.00233,0.00349,-0.00814,1
557,-3.921747153,1.158152324,-13.62770991,0.00233,0.00116,-0.00931,1
558,-3.946727419,1.185478936,-13.61698189,0.00349,0,-0.00698,1
559,-4.338336855,1.211150859,-13.3270086,0.00465,0.00116,-0.00582,1
560,-4.392969434,1.102640108,-13.12356837,0,-0.00116,-0.00582,1
561,-4.610279044,1.280538987,-12.70711168,0.00698,0,-0.00582,1
562,-4.660449275,1.196334195,-12.60462094,-0.00233,-0.00116,-0.00931,1
563,-4.696624862,1.204352259,-12.46533506,0.00465,0.00233,-0.01164,1
564,-4.871477822,1.293447225,-12.33123325,0.00116,0,-0.00698,1
565,-4.765820166,1.227169995,-12.21707333,0,0.00116,-0.00814,1
566,-4.478726881,1.269301001,-12.16610479,0.00116,0.00465,-0.00465,1
567,-4.378677632,1.226567171,-12.33151077,0.00116,0.00116,-0.00582,1
568,-4.297042647,1.009109903,-12.47912379,0.00465,-0.00116,-0.01047,1
569,-4.054998967,0.954853233,-12.8569309,-0.00233,0,-0.00931,1
570,-3.971923093,0.960728292,-12.97777525,0.00465,0,-0.0128,1
571,-3.84429077,0.932549769,-12.97183977,-0.00116,-0.00116,-0.00814,1
572,-3.545499096,1.318679068,-13.29963878,-0.00814,-0.00233,-0.01047,1
573,-3.388971245,1.344416287,-13.64474914,0.00233,0.00233,-0.00814,1
574,-3.155729315,1.363678499,-13.9625275,-0.00116,0.00116,-0.00698,1
575,-3.154520868,1.265270528,-14.06396024,0,-0.00233,-0.00931,1
576,-3.193588729,1.355828927,-14.08006163,0,0.00349,-0.00814,1
577,-3.017970433,1.501366097,-14.27651676,-0.00582,-0.00233,-0.00814,1
578,-2.964228987,1.451638803,-14.44111395,0.00814,0.00349,-0.00698,1
579,-3.044388437,1.672501037,-14.41960905,0.00116,0,-0.00814,1
580,-3.249098191,1.567395299,-14.84496975,-0.00465,0,-0.01047,1
581,-3.355348091,1.445653204,-14.83032603,-0.00116,0.00116,-0.01047,1
582,-3.651535855,1.337608401,-14.75049373,0.00233,0,-0.00931,1
583,-3.769001738,1.298037783,-14.67862767,0.00349,0.00116,-0.01047,1
584,-4.080369704,1.251905914,-14.49029558,-0.00116,-0.00116,-0.00814,1
585,-4.429775273,1.424005837,-14.69299822,0.00233,0,-0.01164,1
586,-4.582354288,1.652650779,-14.32789739,0.00349,-0.00116,-0.0128,1
587,-4.791660318,1.700616391,-14.14062894,0,0.00233,-0.00814,1
588,-5.160076379,1.683634676,-13.84193043,0.00116,0,-0.00814,1
589,-5.575898922,1.672036282,-13.68851095,0,0,-0.00698,1
590,-5.753083096,1.728242867,-13.19062536,0.00116,0,-0.01164,1
591,-5.560201197,1.27789907,-13.17730807,0.00233,0.00233,-0.00931,1
592,-5.515425843,1.141145234,-12.94853371,0.00582,-0.00349,-0.01164,1
593,-5.216361547,0.861752219,-12.94911518,-0.00116,0.00116,-0.00698,1
594,-4.877983587,0.673399427,-12.74107341,0.00233,-0.00233,-0.00814,1
595,-4.68861651,0.596751513,-12.11664627,-0.00233,0,-0.00814,1
596,-4.482127094,0.649172415,-11.94070356,0.00233,0,-0.00931,1
597,-4.330665033,0.366802746,-11.85404253,0.00814,0.00116,-0.00931,1
598,-4.164998272,0.394851958,-12.05741014,0.00116,-0.00116,-0.00582,1
599,-3.946882967,0.354724475,-11.93175074,-0.00116,-0.00233,-0.00814,1
600,-3.655235103,0.32582459,-11.96076032,0.00698,0.00349,-0.01164,1
601,-3.60870391,0.472931173,-11.78174124,0.00582,0.00349,-0.00814,1
602,-3.530355697,0.948761292,-11.97809326,0.00349,0.00116,-0.00698,1
603,-3.230561664,0.854187327,-12.0474283,0.00116,0.00116,-0.00931,1
604,-3.070332919,0.957835207,-12.21702308,-0.00349,-0.00116,-0.01047,1
605,-2.971332433,1.242929039,-12.43923327,0,-0.00233,-0.00582,1
606,-3.17855648,1.290308016,-12.44923332,0.00349,-0.00116,-0.01164,1
607,-3.386109317,1.550713105,-12.420577,-0.00116,0.00116,-0.00931,1
608,-3.581199661,1.658649978,-12.44184437,-0.00233,-0.00116,-0.00349,1
609,-3.47576771,1.687320869,-12.3334117,0.00116,-0.00233,-0.00698,1
610,-3.385180366,1.890806866,-12.49490857,0.00349,0,-0.00931,1
611,-3.419048132,2.006298952,-12.65486671,0.00233,0.00116,-0.00465,1
612,-3.557560207,1.964674072,-12.89158307,-0.00116,-0.00349,-0.01047,1
613,-3.738439666,1.991521807,-13.09205624,0,-0.00233,-0.00931,1
614,-3.711614649,1.806203862,-13.13902782,-0.00233,0.00116,-0.00698,1
615,-3.923544754,1.971408547,-12.91492823,0.00233,0.00349,-0.01164,1
616,-3.991171853,1.772536073,-12.91445998,0,0.00349,-0.00582,1
617,-4.263592059,1.71668987,-12.90390169,0.00116,0.00116,-0.00698,1
618,-4.39417646,1.605377138,-12.83582834,0,0.00116,-0.01047,1
619,-4.435600014,1.43460705,-12.67939224,0.00582,-0.00116,-0.00698,1
620,-4.406403266,1.414321699,-12.65696549,0.01047,0.00349,-0.00814,1
621,-4.255701548,1.323841717,-12.76104573,-0.00116,0,-0.00582,1
622,-4.171234325,1.243659681,-12.8273382,-0.00233,-0.00233,-0.00698,1
623,-4.038562234,1.330596627,-13.00989386,0.00116,0.00116,-0.00814,1
624,-4.200291976,1.346864525,-13.04724194,-0.00116,0.00116,-0.00698,1
625,-4.087741839,1.398898964,-12.96581594,0.00116,-0.00116,-0.00931,1
626,-3.924184127,1.673920427,-13.21689778,0.00116,0.00116,-0.00931,1
627,-3.973049331,1.810692251,-13.53676604,-0.00233,0.00233,-0.00698,1
628,-3.761146169,1.830470921,-13.73120551,0.00465,0,-0.00814,1
629,-3.711874117,1.76643174,-13.67959364,0.00116,0,-0.00931,1
630,-3.648992746,1.862187745,-13.37791787,0.00233,-0.00116,-0.01164,1
631,-3.531029984,1.871959384,-13.26374744,0,0,-0.00931,1
632,-3.42210906,1.999997608,-13.0491472,0,0,-0.00814,1
633,-3.381274445,2.232866807,-12.96731245,0.00116,0.00233,-0.00698,1
634,-3.4451538,2.268363824,-12.97228966,0.00116,-0.00116,-0.0128,1
635,-3.437138677,2.375586785,-12.69223342,0.00698,-0.00116,-0.00931,1
636,-3.565230943,2.251376723,-12.55035956,0.00349,-0.00116,-0.00931,1
637,-3.615328746,2.29351727,-12.67248036,-0.00116,0,-0.00814,1
638,-3.851091786,2.456393332,-12.74200881,-0.00233,0,-0.00349,1
639,-3.735603187,2.602460908,-12.79260784,0.00233,-0.00116,-0.00582,1
640,-3.57072825,2.770937779,-12.68988174,0.00814,0,-0.0128,1
641,-3.543971142,2.742320541,-12.5734441,0,0.00233,-0.00814,1
642,-3.586307351,2.738207165,-12.28261147,0.00931,0.00233,-0.00698,1
643,-3.611033971,2.779537418,-12.59516993,0.00233,0.00349,-0.00814,1
644,-3.878861309,2.566594973,-12.55732428,0.00116,-0.00116,-0.00814,1
645,-3.788575864,2.407417191,-12.84227924,0.00349,0.00116,-0.00931,1
646,-4.025292502,2.255852443,-13.03082353,0,-0.00116,-0.01047,1
647,-3.892297492,2.325566775,-13.3266088,-0.00116,-0.00233,-0.00931,1
648,-4.040191596,2.247984119,-13.45124491,0.00116,0,-0.00698,1
649,-4.31327862,2.388117201,-13.63478019,-0.00116,-0.00116,-0.00814,1
650,-4.301533127,2.59572947,-13.80594735,0.00349,-0.00233,-0.00582,1
651,-4.387670286,2.645055379,-14.2407854,0.00116,-0.00233,-0.00698,1
652,-4.418928645,2.5066285,-14.93646812,0.00349,0.00116,-0.00931,1
653,-4.376321947,2.491171038,-14.93276376,0.00582,0.00233,-0.00814,1
654,-4.112492289,2.380988393,-15.25891334,-0.00233,-0.00116,-0.00931,1
655,-4.193587064,2.446489703,-14.88312494,0.00116,-0.00233,-0.00582,1
656,-3.995118166,2.51048927,-14.72861172,-0.00116,0.00116,-0.00465,1
657,-3.736905521,2.635494805,-14.60204456,0.00582,0.00349,-0.00698,1
658,-3.714200559,2.8150286,-14.61972357,0.00465,-0.00116,-0.00698,1
659,-3.670564321,2.705362685,-14.62227161,-0.00116,-0.00116,-0.00931,1
660,-3.839070365,2.813621478,-14.62308714,0.00349,0,-0.01047,1
661,-3.96073619,2.762070361,-14.59646184,-0.00349,0.00233,-0.00931,1
662,-3.842902851,2.620451335,-14.32878855,-0.00349,0,-0.01513,1
663,-3.697025273,2.339119064,-13.98902678,0,0,-0.00931,1
664,-3.521115467,2.128603701,-13.93930366,0,0.00116,-0.01047,1
665,-3.449093651,1.901860644,-13.969676,0.00582,0.00116,-0.00698,1
666,-3.372116242,1.784535883,-13.76610538,-0.00116,0.00116,-0.00931,1
667,-3.668019034,1.596716789,-13.8802744,0.00233,0.00116,-0.00931,1
668,-3.961592196,1.533753231,-13.83164907,-0.00698,0.00116,-0.01047,1
669,-4.273830292,1.694144428,-13.79741734,0.00116,0.00233,-0.00698,1
670,-4.43192954,1.540310364,-13.53690213,-0.00349,0,-0.00465,1
671,-4.553024994,1.526222812,-13.33984631,0,0.00116,-0.00698,1
672,-4.585508321,1.465207437,-13.23611929,0.00233,0.00116,-0.00582,1
673,-4.669831969,1.279996055,-12.9528573,-0.00116,0.00116,-0.0128,1
674,-4.76523801,1.255578585,-12.93094023,0.00116,0.00116,-0.00814,1
675,-4.430136103,1.32332778,-13.10242387,-0.00349,0.00116,-0.00814,1
676,-4.299145446,1.229891333,-13.2434841,0,-0.00233,-0.00582,1
677,-4.27105956,1.299681388,-13.40875536,0,0,-0.01047,1
678,-4.210321009,1.096062699,-13.50780161,0.00116,0.00116,-0.00698,1
679,-4.050915963,0.981674293,-13.59247434,0,-0.00233,-0.00582,1
680,-4.044154912,0.880648389,-13.93648736,0.00349,-0.00233,-0.00465,1
681,-3.93519773,1.195168284,-14.17113684,0.00233,0.00233,-0.00931,1
682,-3.675188217,1.335006171,-14.2926552,0.00582,0.00233,-0.00931,1
683,-3.555873376,1.326682933,-14.35102241,0.00349,0.00349,-0.00931,1
684,-3.572396,1.110733212,-14.53286678,0.00116,-0.00116,-0.00931,1
685,-3.458886704,1.075769443,-14.53785803,-0.00349,0.00116,-0.00698,1
686,-3.125849042,1.173170436,-14.6104002,0.00233,0,-0.01047,1
687,-3.015155022,1.246223045,-14.70065273,0,-0.00233,-0.01164,1
688,-3.051566399,1.184250532,-14.62664609,0.00233,0,-0.01164,1
689,-2.948903519,1.42505215,-14.44681337,0.00698,0.00233,-0.00698,1
690,-2.701999792,1.401812579,-14.60673332,0.00349,0,-0.00582,1
691,-2.792994824,1.365605973,-14.59146399,-0.00116,-0.00116,-0.01164,1
692,-2.914101586,1.411335326,-14.59211983,0.00349,0.00116,-0.01164,1
693,-2.961861158,1.40373162,-14.37155735,0.00233,0.00116,-0.00814,1
694,-3.246170864,1.637601582,-14.23969283,0.00698,0.00233,-0.00698,1
695,-3.449764708,1.677213394,-13.94726879,0,0,-0.01047,1
696,-3.505340048,2.116556718,-13.69174829,-0.00233,-0.00116,-0.00582,1
697,-3.392751327,2.234693777,-13.90066302,0.00233,0,-0.00931,1
698,-3.520512311,2.260591053,-13.64362699,0.00233,0.00233,-0.00698,1
699,-3.440892831,2.296890936,-13.26537878,-0.00116,-0.00233,-0.00698,1
700,-3.70392192,2.082376132,-12.93193902,0.00814,0,-0.01047,1
701,-3.561836527,2.025817301,-12.71410191,0.00349,0.00233,-0.00582,1
702,-3.671892977,2.162970051,-12.27056112,0.00465,0.00116,-0.00582,1
703,-3.726458084,2.373729753,-11.92304968,0.00233,-0.00465,-0.00931,1
704,-3.410575399,2.568617431,-11.76848217,0.00233,-0.00116,-0.00814,1
705,-3.47595118,2.566737597,-11.85506042,0.00116,-0.00116,-0.00931,1
706,-3.350823253,2.402562992,-12.13966093,0.00698,0.00233,-0.00582,1
707,-3.341364473,2.393150541,-12.35511134,-0.00116,0,-0.00814,1
708,-3.19477547,2.095411901,-12.50678561,0.00233,0,-0.00931,1
709,-3.136544158,1.870262335,-12.49346567,0.00582,-0.00116,-0.00698,1
710,-3.015140551,1.588795329,-12.83092514,0.00116,0.00116,-0.00698,1
711,-2.815826002,1.525612982,-12.79025335,0.00233,0.00116,-0.00582,1
712,-2.953391641,1.386277297,-13.07931063,-0.00349,0.00116,-0.00814,1
713,-3.077676795,1.084919968,-13.17623289,-0.00116,0,-0.00582,1
714,-3.292695459,1.254359921,-13.33431575,0.00116,0.00116,-0.00814,1
715,-3.610499721,1.212552584,-13.31697516,0.00116,0.00116,-0.00698,1
716,-3.894566417,1.007453335,-13.3060797,-0.00116,0,-0.00814,1
717,-4.028465867,1.00845427,-13.23860509,-0.00116,0.00116,-0.01164,1
718,-3.891684589,0.820854368,-13.33010867,-0.00116,0,-0.00931,1
719,-3.685859539,0.744537483,-13.38006236,0.00349,0.00116,-0.01164,1
720,-3.678892611,0.823268955,-13.36933802,-0.00233,0,-0.00814,1
721,-3.898332633,0.635283495,-13.64642094,0.00349,0.00116,-0.00931,1
722,-4.09516893,0.702254585,-13.81333873,0,0,-0.00814,1
723,-4.247440061,0.797542775,-13.9076262,0,0,-0.00465,1
724,-4.248404461,0.742543801,-13.85959385,0.00116,0,-0.00931,1
725,-4.157078228,0.830135067,-14.12778563,0.00233,-0.00116,-0.00698,1
726,-4.402042403,0.855343009,-14.30880688,0.00349,-0.00116,-0.01047,1
727,-4.451090526,0.838606132,-13.97385222,0.00233,-0.00116,-0.00582,1
728,-4.657380953,0.896148158,-13.88549621,0.00582,0,-0.01047,1
729,-4.429151744,0.937799426,-13.71194453,0.00349,0.00116,-0.00814,1
730,-4.47453974,1.025399982,-13.50689672,0.00582,-0.00233,-0.00465,1
731,-4.588274199,1.078962961,-13.3594932,0.00116,0,-0.00698,1
732,-4.60653223,1.156632994,-13.37948616,0,0,-0.00698,1
733,-4.634449603,1.034666067,-13.25812058,0,-0.00116,-0.00814,1
734,-4.714513653,1.103566145,-13.26760847,0.00116,-0.00349,-0.00698,1
735,-4.709902787,1.369651447,-13.1187355,-0.00465,0.00582,-0.00698,1
736,-4.681144249,1.350830826,-12.87896682,0.00582,0,-0.01164,1
737,-4.674599033,1.246530312,-12.93076964,0.00582,0.00116,-0.01164,1
738,-4.629935872,1.099992798,-13.13921793,0.00233,0.00116,-0.01047,1
739,-4.635799513,1.182425585,-12.87526431,-0.00233,0.00116,-0.00931,1
740,-4.595710775,1.187698787,-12.97006539,0.00233,0,-0.00582,1
741,-4.738598513,1.143089834,-13.01396334,-0.00116,-0.00233,-0.00931,1
742,-4.82952662,1.205550346,-12.89030552,0.00349,-0.00116,-0.00931,1
743,-4.742039673,1.52695065,-12.68288458,-0.00116,0,-0.00814,1
744,-4.594513627,1.489709847,-13.0426993,-0.00116,0.00116,-0.01047,1
745,-4.745413114,1.391806291,-12.99330553,0.00116,0,-0.00349,1
746,-4.717699008,1.335483561,-13.11730451,-0.00233,-0.00233,-0.00698,1
747,-4.873196893,1.08719351,-12.88230004,0.00465,0.00116,-0.00698,1
748,-5.009714259,1.139024411,-12.7773417,0.00116,0,-0.00814,1
749,-4.96013429,1.162383766,-12.91087289,-0.00116,0,-0.00931,1
750,-4.67546257,1.26685932,-13.20293614,0,0.00116,-0.00698,1
751,-4.371667535,1.238846718,-13.48873049,-0.00349,-0.00116,-0.00698,1
752,-4.290845415,1.341768026,-13.74477982,0.00349,-0.00116,-0.00814,1
753,-4.245232564,1.276178096,-13.73801962,0.00349,0.00116,-0.00814,1
754,-4.405523452,1.241386619,-14.0834883,0.00116,0.00233,-0.00931,1
755,-4.3158737,1.304523827,-14.17223381,0,-0.00349,-0.01047,1
756,-4.444566734,1.587132533,-14.16414939,0.00116,0.00116,-0.00931,1
757,-4.354619065,1.462772678,-14.1582769,-0.00116,-0.00116,-0.00931,1
758,-4.244931071,1.628038118,-14.20972859,0.00116,0.00349,-0.00931,1
759,-4.367562339,1.714419383,-14.29576814,-0.00116,-0.00233,-0.00931,1
760,-4.37511906,1.830851037,-14.36937702,0.00116,0,-0.01164,1
761,-4.532494535,1.829976131,-14.34423678,0,0,-0.00931,1
762,-4.647631655,1.910806321,-14.16867746,0.00116,0.00116,-0.00698,1
763,-4.68668259,1.883641334,-14.33757817,0.00698,0,-0.00698,1
764,-4.807425715,1.756366998,-14.59272264,0.00233,0,-0.01164,1
765,-4.724716809,1.771656592,-14.49464835,0,-0.00233,-0.01047,1
766,-4.750229091,1.660284853,-14.3783366,-0.00233,0.00116,-0.00814,1
767,-4.664732619,1.68327422,-14.26224995,0.00116,-0.00233,-0.00814,1
768,-4.448597058,1.56789295,-14.24258425,-0.00116,0.00116,-0.00582,1
769,-4.637036048,1.675136809,-13.90473242,0,-0.00233,-0.00698,1
770,-4.443211725,1.533682858,-14.01768823,0.00582,0.00349,-0.00931,1
771,-4.498928433,1.552383957,-13.89688171,0,0,-0.01164,1
772,-4.342990244,1.466426275,-13.8239285,0.00582,0.00233,-0.00698,1
773,-4.254906712,1.500528445,-13.72352767,0,0,-0.00814,1
774,-4.013957216,1.372238024,-13.62131453,0,-0.00116,-0.00931,1
775,-4.078657452,1.450294954,-13.43607986,0,0,-0.00698,1
776,-4.004160787,1.483477249,-13.50398709,0.00349,0,-0.00814,1
777,-4.015137985,1.381336587,-13.47905806,-0.00233,0,-0.00931,1
778,-3.832613453,1.387311323,-13.678143,0.00233,0.00116,-0.00814,1
779,-3.919050388,1.358503158,-14.10710954,-0.00465,-0.00116,-0.00931,1
780,-4.234851498,1.344688937,-14.42725492,-0.00116,0.00116,-0.00931,1
781,-4.350421141,1.453498034,-14.47359935,0.00465,0.00116,-0.00931,1
782,-4.351484757,1.48154132,-14.74250399,0.00233,0.00116,-0.00931,1
783,-4.01910529,1.550029094,-14.66211976,0.00349,-0.00233,-0.01047,1
784,-3.881521914,1.666239292,-14.3869605,0.00465,0,-0.00582,1
785,-3.886039708,1.674139462,-14.31962677,0.00233,0.00116,-0.00931,1
786,-3.704138714,1.92968297,-14.41569654,0.00233,-0.00116,-0.00698,1
787,-3.527765782,1.971749744,-14.06094773,0,0,-0.00814,1
788,-3.674165565,2.062774544,-13.92944854,0.00349,0.00116,-0.00698,1
789,-3.868211646,1.925337975,-13.70361028,-0.00233,-0.00233,-0.00698,1
790,-3.809334964,1.852837933,-13.41952208,0,0,-0.00582,1
791,-3.980634478,1.765733017,-13.23513263,0.00465,0.00349,-0.00698,1
792,-3.957661465,1.763929201,-13.27356641,0.00465,0.00233,-0.00931,1
793,-4.092194561,1.7634472,-13.03378644,-0.00116,-0.00116,-0.01047,1
794,-4.080627566,1.596091039,-13.06422145,0.00116,0.00116,-0.00698,1
795,-4.074841403,1.541450826,-12.78001452,-0.00116,0.00116,-0.00582,1
796,-4.049889158,1.427648641,-12.33598144,-0.00233,0.00116,-0.00931,1
797,-4.01896808,1.340212837,-12.06106974,0.00465,-0.00116,-0.00698,1
798,-3.835606144,1.233941635,-11.99258541,0.00116,0,-0.00582,1
799,-3.783625574,1.293177693,-11.81810721,0.00116,0.00116,-0.00814,1
800,-3.6758295,1.402980338,-11.72251304,0.00465,0,-0.00931,1
801,-3.596674829,1.388484771,-11.45728365,0.00349,-0.00116,-0.01047,1
802,-3.703191519,1.494636788,-11.48953381,-0.00116,0.00116,-0.00582,1
803,-3.620365863,1.669780783,-11.84012406,0,0.00349,-0.00814,1
804,-3.513482813,1.498559436,-11.92304857,0.00233,0,-0.00931,1
805,-3.447568971,1.637965257,-12.276387,0.00582,0.00116,-0.01164,1
806,-3.546913784,1.608272937,-12.69293845,0.00349,0.00233,-0.01047,1
807,-3.702820707,1.560346399,-13.11300024,0.00116,-0.00233,-0.00465,1
808,-3.835847238,1.377871406,-13.42886448,0.00698,0,-0.00814,1
809,-3.635754891,1.243003786,-13.40618328,-0.00465,-0.00233,-0.00698,1
810,-3.636631581,1.287233707,-13.87074358,0.00233,0.00233,-0.00814,1
811,-3.628492338,1.201542027,-14.02633987,0.00233,0.00233,-0.0128,1
812,-3.578343689,1.095532276,-13.96564593,0.00233,-0.00116,-0.00814,1
813,-3.471016329,1.217604932,-14.20221647,0.00349,0,-0.00582,1
814,-3.35603862,1.322038886,-14.35439116,0.00814,0.00349,-0.00814,1
815,-3.442456928,1.24525435,-14.10193339,0.00465,-0.00116,-0.00698,1
816,-3.427606933,1.174739647,-14.02140372,0.00116,0.00116,-0.00582,1
817,-3.550589502,0.915842825,-14.06520424,0.00233,0.00116,-0.00931,1
818,-3.944279238,0.73286918,-13.91274533,-0.00349,-0.00116,-0.00582,1
819,-4.296486118,0.789120476,-13.50529974,0.00349,0,-0.00931,1
820,-4.414515765,0.650434831,-13.29932948,0.00116,0.00233,-0.01164,1
821,-4.484327811,0.708053296,-13.15716698,0,0.00233,-0.0128,1
822,-4.458208677,0.516278544,-13.02656674,0,0,-0.00814,1
823,-4.720368753,0.811685622,-12.81648,-0.00116,0,-0.00814,1
824,-4.603421899,0.509683062,-12.84998366,-0.00465,-0.00349,-0.00931,1
825,-4.74460608,0.637941835,-12.86043499,-0.00116,0.00116,-0.01164,1
826,-4.752743956,0.766718401,-12.787033,-0.00116,0.00116,-0.00931,1
827,-4.488119249,1.117704814,-12.7626998,0.00116,-0.00233,-0.01047,1
828,-4.181792861,1.133038649,-12.58858515,0.00698,0.00233,-0.00931,1
829,-4.035819108,1.447128739,-12.31257624,0.00233,0,-0.01164,1
830,-3.700127318,1.513569117,-12.3565928,-0.00233,-0.00233,-0.01164,1
831,-3.236704264,1.360701223,-11.97469551,0.00349,0,-0.00698,1
832,-2.850914354,1.201723079,-12.05188475,0.00698,0.00698,-0.00931,1
833,-2.769429093,1.13786177,-12.16993394,-0.00116,-0.00116,-0.00814,1
834,-2.622789808,1.091487967,-12.39747833,-0.00116,0,-0.01047,1
835,-2.547243391,1.296056354,-12.6496844,0.01047,0.00465,-0.00698,1
836,-2.381190149,1.291802077,-12.80041051,0.00465,-0.00116,-0.00465,1
837,-2.3412341,1.056666977,-12.97907394,0.00582,0,-0.01047,1
838,-2.402505035,0.987236433,-13.03852469,0,0.00116,-0.00931,1
839,-2.379372133,0.91284411,-13.16556915,0.00116,0,-0.00814,1
840,-2.36857611,1.122618264,-13.31823796,0.00582,0,-0.00698,1
841,-2.590097297,1.066984152,-13.18678857,0,-0.00116,-0.00698,1
842,-2.972410042,1.019127958,-13.05097733,0.00233,0.00116,-0.00814,1
843,-3.300900046,0.931751236,-13.13179763,0.00116,0,-0.00698,1
844,-3.36939969,0.924356831,-12.79766539,-0.00349,0,-0.01047,1
845,-3.663749221,1.093747777,-12.86769011,0.00233,-0.00116,-0.01164,1
846,-3.734669627,1.074899549,-12.82736309,0.00116,0,-0.01164,1
847,-3.747455,1.219167272,-12.90746397,0.00233,-0.00116,-0.00582,1
848,-3.839522742,1.05900446,-12.84125019,0.00814,0.00116,-0.00814,1
849,-4.156727437,1.297535251,-12.84618583,0.00349,-0.00116,-0.01047,1
850,-4.114077942,1.070309629,-13.07693322,0.00116,0.00233,-0.00698,1
851,-4.236248127,0.984108252,-13.47358602,0.00349,0.00116,-0.00698,1
852,-4.266195584,0.883536125,-13.66309148,-0.00116,-0.00116,-0.00698,1
853,-4.531954551,0.951768836,-13.63842141,0.00349,0.00465,-0.00582,1
854,-4.546163881,1.212879009,-13.8350562,0.00116,0.00116,-0.00814,1
855,-4.53710265,1.221895465,-13.87552148,0.00116,0,-0.01047,1
856,-4.621829146,1.288144675,-14.50510294,0.00116,0.00233,-0.00814,1
857,-4.351809424,1.427017639,-14.81854183,0.00931,0.00116,-0.00931,1
858,-4.005107878,1.393192535,-14.91103596,-0.00116,-0.00116,-0.00814,1
859,-3.689296699,1.559552772,-15.43753693,0.00233,-0.00116,-0.00465,1
860,-3.672238783,1.601098706,-15.70580007,0.00116,-0.00233,-0.00814,1
861,-3.658599369,1.54741033,-15.90365981,0.00582,0.00116,-0.00698,1
862,-3.578373615,1.371196884,-15.67593942,0.00116,0,-0.00698,1
863,-3.312505854,1.239249813,-15.46553717,-0.00465,0.00116,-0.00698,1
864,-3.351515856,1.173360122,-15.31823608,0.00465,-0.00116,-0.01047,1
865,-3.337029985,1.105507974,-14.94582244,-0.00233,-0.00233,-0.00931,1
866,-3.363789896,1.045502719,-14.66479366,0.00116,-0.00116,-0.01047,1
867,-3.358757927,1.372474311,-14.54475394,0.00465,-0.00116,-0.00582,1
868,-3.350196036,1.405641713,-14.24789029,-0.00116,0.00233,-0.01047,1
869,-3.318855662,1.266855636,-13.83175926,0.00465,0.00349,-0.00698,1
870,-3.237940803,1.287228929,-13.7134576,0.00233,0.00465,-0.00582,1
871,-3.435997928,1.398199875,-13.51883421,0.00349,0,-0.00931,1
872,-3.754528119,1.350798473,-13.248534,0.00233,0,-0.00814,1
873,-3.884767798,1.4199791,-12.99913138,0,0,-0.00814,1
874,-3.716269855,1.265912242,-13.05901496,0.00233,-0.00116,-0.00931,1
875,-3.687051257,1.497606507,-13.05998986,0.00116,0,-0.00931,1
876,-3.675876018,1.405950322,-13.02512343,-0.00116,0.00233,-0.00814,1
877,-3.670689561,1.533278868,-13.34934428,-0.00116,0,-0.01164,1
878,-3.559113267,1.328060735,-13.40489465,-0.00233,0.00116,-0.00931,1
879,-3.561653074,1.541523911,-13.74172571,-0.00233,0,-0.00465,1
880,-3.835324316,1.635608004,-13.9133791,-0.00116,0.00116,-0.00814,1
881,-3.943256382,1.981746369,-14.36276791,0.00116,0,-0.00814,1
882,-4.084190608,2.307414228,-14.4908784,-0.00349,-0.00233,-0.00582,1
883,-4.152910483,2.537310979,-14.52515687,0.00465,0.00116,-0.00698,1
884,-4.290392811,2.689947661,-14.76797403,-0.00465,-0.00349,-0.01047,1
885,-4.302895644,2.550534156,-14.63211611,-0.00233,0,-0.00582,1
886,-4.489251366,2.379634765,-14.97063803,0.00233,0,-0.00931,1
887,-4.64358422,2.508441033,-14.92580273,0.00116,0.00116,-0.00814,1
888,-4.51498651,2.749004136,-14.8623764,0.00698,0.00233,-0.00465,1
889,-4.424985241,2.836049941,-14.65295477,-0.00233,-0.00233,-0.00931,1
890,-4.508832147,2.755070347,-14.37100057,0,-0.00233,-0.00814,1
891,-4.327024949,2.55932963,-14.40835693,0.00582,0.00116,-0.00931,1
892,-4.234170958,2.377226715,-14.26217006,0,0.00116,-0.00698,1
893,-3.92512837,2.126798629,-14.00695608,-0.00116,0,-0.00698,1
894,-3.812157507,2.116108664,-13.73767702,0.00349,-0.00116,-0.00582,1
895,-3.756414959,1.850352295,-13.5851633,0.00233,0.00116,-0.00698,1
896,-3.896668013,1.81956659,-13.38486606,0.00582,-0.00233,-0.00233,1
897,-3.74768096,1.599209418,-13.32141211,0.00116,0.00233,-0.00931,1
898,-3.643818286,1.355539089,-13.29821452,-0.00233,0,-0.00931,1
899,-3.580166977,1.356491184,-13.42995847,0.00698,0,-0.00582,1
900,-3.546321598,1.2084881,-13.33212906,0.00931,0.00233,-0.01164,1
901,-3.543990703,1.225610794,-13.25921676,0,-0.00233,-0.00931,1
902,-3.595388807,1.255218318,-13.09354949,0.00349,0.00116,-0.00698,1
903,-3.557653497,1.642940533,-13.21532324,0,-0.00116,-0.00931,1
904,-3.257881967,1.557249533,-13.66284406,0.00349,-0.00116,-0.01047,1
905,-3.029992286,1.575554912,-13.78136644,-0.00465,-0.00233,-0.00814,1
906,-2.879620245,1.71048997,-13.7587421,0.00116,-0.00116,-0.01047,1
907,-2.817398163,1.988497697,-13.60807839,0.00116,-0.00116,-0.01047,1
908,-2.549954343,2.158745154,-13.54616531,-0.00582,0.00116,-0.00698,1
909,-2.460621582,2.363122825,-13.38423944,0.00233,0.00233,-0.00582,1
910,-2.441238019,2.468745679,-13.51355124,-0.00233,0.00116,-0.01047,1
911,-2.366108881,2.532784138,-13.29847266,0.00349,0,-0.01047,1
912,-2.22840061,2.397185701,-13.06708822,0.00349,0.00233,-0.00349,1
913,-2.334485074,2.403619888,-12.76463281,0.00465,0.00116,-0.00814,1
914,-2.641839207,2.22973234,-12.46703372,0.00582,0,-0.00698,1
915,-2.721533365,1.85863453,-12.41269987,-0.00349,0.00116,-0.01164,1
916,-2.711816714,1.666486836,-12.50860716,0.00698,0.00116,-0.00698,1
917,-2.656348386,1.363160044,-12.26437846,0,0,-0.00465,1
918,-2.531304177,1.165697275,-12.15029437,0.00116,0.00116,-0.00698,1
919,-2.33874605,0.763627735,-12.24281317,0.00233,0.00233,-0.00814,1
920,-2.325794105,0.56412014,-12.39763898,-0.00116,0,-0.00698,1
921,-2.170261296,0.374200844,-12.47181268,-0.00349,-0.00116,-0.01164,1
922,-1.809592983,0.079459816,-12.58339952,0.00233,0.00116,-0.00814,1
923,-1.72955938,0.158061231,-12.55863608,-0.00465,0.00116,-0.01047,1
924,-1.815743881,0.379911404,-12.43029186,0.00349,0.00116,-0.01047,1
925,-1.937854974,0.69760036,-12.1409908,0.00116,-0.00116,-0.00931,1
926,-2.157097155,0.897643908,-11.99049213,0.00116,0.00116,-0.00931,1
927,-2.261476395,1.099668256,-11.85802274,0.00233,-0.00116,-0.00698,1
928,-2.290869681,1.169393769,-11.87838818,0.00116,-0.00233,-0.00931,1
929,-2.485753444,1.681854894,-11.98562752,0.00465,-0.00233,-0.00931,1
930,-2.685573945,1.787911503,-12.03020567,0.00698,0.00233,-0.01164,1
931,-2.71775897,1.845030941,-12.34421491,0.00465,0.00233,-0.00814,1
932,-2.856747748,1.773381921,-12.41869769,0.00116,-0.00233,-0.00814,1
933,-3.064730259,2.001115975,-12.85524135,0.00116,-0.00116,-0.00814,1
934,-3.474915263,2.003743083,-12.87811472,0.00349,0.00116,-0.00814,1
935,-3.735314475,2.184349753,-12.92611365,0.00349,0.00116,-0.01047,1
936,-3.614112755,2.67766981,-12.77574217,-0.00698,-0.00465,-0.00814,1
937,-3.70481727,2.804419514,-12.81749312,0,0.00116,-0.00814,1
938,-3.844426284,2.720360281,-13.16161599,0.00116,-0.00116,-0.00931,1
939,-3.92300493,2.577108969,-13.31404983,0.00116,0,-0.00582,1
940,-3.916277903,2.431984834,-13.50794467,0.00233,0.00233,-0.01164,1
941,-3.778654386,2.438393901,-13.39896219,0.00931,0.00116,-0.00931,1
942,-3.78528723,2.440978629,-13.51037929,0.00116,0.00233,-0.00931,1
943,-3.510785246,2.274478318,-13.3458437,0.00698,0.00349,-0.00931,1
944,-3.601943877,2.121538217,-13.23326202,0.00582,0.00233,-0.00814,1
945,-3.489097821,1.959266663,-13.42558021,0.00233,0.00233,-0.00931,1
946,-3.638239899,1.677546641,-13.6233604,0.00233,-0.00116,-0.00698,1
947,-3.578264424,1.45945801,-14.02795703,0.00465,0.00233,-0.00582,1
948,-3.553034313,1.604833854,-14.07006175,0.00465,0.00349,-0.00698,1
949,-3.430744816,1.681056439,-14.10151259,0,0.00116,-0.00698,1
950,-3.398889282,1.78756458,-13.99771743,0.00465,-0.00116,-0.0128,1
951,-3.062901682,1.598466485,-13.77937282,-0.00465,-0.00233,-0.00698,1
952,-2.945354147,1.439699022,-13.8573606,0,0.00349,-0.01164,1
953,-2.745254326,1.558661385,-13.70602573,0.00116,0.00116,-0.00814,1
954,-2.540997311,1.468995229,-13.63048539,0.00116,-0.00233,-0.00698,1
955,-2.43086614,1.405736214,-13.39385986,0.00582,0,-0.01047,1
956,-2.532169984,1.455255288,-13.06594792,0.00233,0,-0.00814,1
957,-2.64271253,1.653351161,-12.84307347,0.00116,0.00116,-0.00349,1
958,-2.886605523,1.501110497,-12.7822923,0.00349,0,-0.0128,1
959,-3.046911579,1.324696529,-12.43376521,-0.00233,-0.00233,-0.00814,1
960,-3.577750975,1.295270645,-12.34283593,0.00116,0,-0.00698,1
961,-3.86192945,1.502640568,-12.44935796,0.00116,-0.00233,-0.00814,1
962,-4.077145659,1.573242844,-12.54991539,-0.00116,0,-0.00582,1
963,-4.309943836,1.784447455,-12.791869,0.00116,-0.00116,-0.00931,1
964,-4.52498288,1.820697471,-12.92583435,0.00349,0.00233,-0.00814,1
965,-4.54281632,1.845314949,-12.98962962,0.00233,0,-0.00931,1
966,-4.623932464,1.819217683,-12.96947913,0.00931,0.00116,-0.00931,1
967,-4.813999743,1.771622141,-12.74602058,-0.00233,0.00116,-0.01047,1
968,-4.961638138,1.622287094,-12.78468535,0.00349,0.00116,-0.01164,1
969,-4.830989401,1.539476426,-13.06832563,0.00931,0.00116,-0.00814,1
970,-4.756257912,1.479190526,-13.0485213,-0.00116,0.00116,-0.00814,1
971,-4.835918716,1.523065549,-12.86539702,0,-0.00116,-0.00931,1
972,-4.621119719,1.542919985,-12.97421286,-0.00116,0.00116,-0.00814,1
973,-4.475062944,1.418263822,-13.20291873,-0.00116,-0.00116,-0.00582,1
974,-4.530695312,1.27048479,-13.22299181,0.00349,0.00233,-0.00931,1
975,-4.301858661,1.037550251,-13.47237875,0,0.00116,-0.00582,1
976,-4.051275205,0.808492572,-13.71556032,0.00349,0.00233,-0.00814,1
977,-3.790099167,0.596760545,-13.93701825,-0.00116,0.00116,-0.00349,1
978,-3.529800101,0.415178871,-14.12193345,0.00814,0.00116,-0.00814,1
979,-3.281681353,0.275312734,-14.25695361,0.00233,0.00116,-0.01164,1
980,-3.056404488,0.186866141,-14.3309241,0.00349,0.00233,-0.01164,1
981,-2.863540174,0.157137968,-14.3355532,-0.00349,0,-0.00698,1
982,-2.711155603,0.190552222,-14.26599059,0.00582,0.00233,-0.00814,1
983,-2.605456815,0.288281236,-14.1212962,-0.00116,0,-0.00582,1
984,-2.550491738,0.447984022,-13.90477038,0.00349,0.00116,-0.00931,1
985,-2.547940341,0.663670457,-13.62413439,-0.00349,-0.00116,-0.00931,1
986,-2.596994834,0.925730708,-13.29150908,0.00349,0,-0.00582,1
987,-2.694349837,1.221109567,-12.92322019,0.00116,0.00233,-0.00814,1
988,-2.834316872,1.533698482,-12.53933669,0.00233,0.00116,-0.00814,1
989,-3.00907629,1.844918577,-12.16297752,0.00465,0,-0.00698,1
990,-3.209070016,2.134520322,-11.81935278,-0.00116,-0.00116,-0.00582,1
991,-3.423587494,2.381672633,-11.53445191,-0.00116,0.00116,-0.00814,1
992,-3.641495011,2.566257537,-11.33347842,0,0,-0.00814,1
993,-3.852167527,2.670484836,-11.23889016,0,0,-0.0128,1
994,-4.046685674,2.680828431,-11.26805433,0.00349,-0.00116,-0.00814,1
995,-4.219137162,2.590228937,-11.43055604,0.00116,0.00233,-0.00814,1
996,-4.368283761,2.400680091,-11.72505802,0.00233,0.00233,-0.00814,1
997,-4.499370793,2.126191519,-12.13566974,0.00465,0.00349,-0.00698,1
998,-4.62630053,1.796022716,-12.62802134,0.00349,-0.00116,-0.00814,1
999,-4.773964447,1.458537724,-13.14450909,0,-0.00116,-0.00582,1
1000,-4.981018962,1.185152126,-13.59951712,0.00349,0,-0.01047,1
1001,-5.302822251,1.075080616,-13.87355286,-0.00116,0,-0.00582,1